{
        "Acadia":1,
        "Badlands":1,
        "Canyonlands":1,
        "Arches":1,
        "Black Canyon of the Gunnison":0,
        "Glacier":1,
        "Grand Teton":1,
        "Great Sand Dunes":0,
        "Mesa Verde":1,
        "Rocky Mountain":0,
        "Bryce Canyon":1,
        "Capitol Reef":1,
        "Zion":1,
        "Theodore Roosevelt":1,
        "Wind Cave":1,
        "Yellowstone":1,
        "Shenandoah":1,
        "Congaree":1,
        "Biscayne":0,
        "Everglades":1,
        "Dry Tortugas":1,
        "Virgin Islands":0,
        "Great Smoky Mountains":1,
        "Mammoth Cave":1,
        "Cuyahoga Valley":1,
        "Indiana Dunes":0,
        "Isle Royale":0,
        "Gateway Arch":1,
        "Voyageurs":0,
        "Big Bend":1,
        "Carlsbad Caverns":1,
        "Guadalupe Mountains":1,
        "Hot Springs":0,
        "White Sands":1,
        "Channel Islands":0,
        "Death Valley":1,
        "Grand Canyon":1,
        "Haleakala":0,
        "Hawaii Volcanoes":0,
        "Joshua Tree":0,
        "Lassen Volcanic":0,
        "Great Basin":0,
        "Petrified Forest":1,
        "Pinnacles":0,
        "Redwood":0,
        "Sequoia":0,
        "Kings Canyon":0,
        "Saguaro":0,
        "Yosemite":0,
        "National Park of American Samoa":0,
        "Crater Lake":0,
        "Mount Rainier":1,
        "North Cascades":1,
        "Olympic":1,
        "Denali":0,
        "Gates of the Arctic":0,
        "Glacier Bay":0,
        "Katmai":0,
        "Kenai Fjords":0,
        "Kobuk Valley":0,
        "Lake Clark":0,
        "Wrangell - St Elias":0,
        "New River Gorge":1 
}